sum_idx,sum_sum_error
1, 0.112061
2, 0.108843
3, 0.081077
4, 0.062691
5, 0.058429
6, 0.056711
7, 0.055889
8, 0.055251
9, 0.054501
10, 0.053355
11, 0.051466
12, 0.048405
13, 0.044214
14, 0.039343
15, 0.033072
16, 0.022367
17, 0.014991
18, 0.010568
19, 0.007865
20, 0.006177
